DVD Title,Genre,Location,Room,,,
Mardock Scramble - Complete Collection,Anime/Sci-Fi/Cyberpunk/Action,Chapel,Spare Bedroom,,,
The Search for Vengeance,Action/Thriller,Chapel,Spare Bedroom,,,
The Naked,Psychological Thriller/Drama,Chapel,Spare Bedroom,,,
Black Blood Brothers,Anime/Action/Supernatural/Vampire,Chapel,Spare Bedroom,,,
Speed Grapher,Anime/Action/Mystery/Thriller,Chapel,Spare Bedroom,,,
Strait Jacket,Anime/Action/Fantasy/Supernatural,Chapel,Spare Bedroom,,,
Vampire Wars,Action/Horror/Vampire,Chapel,Spare Bedroom,,,
Wolf's Rain,Anime/Adventure/Fantasy/Drama,Chapel,Spare Bedroom,,,
Elfen Lied - Complete Collection,Anime/Horror/Gore/Psychological/Action,Chapel,Spare Bedroom,,,
Urotsukidoji IV: Inferno Road,Anime/Hentai/Horror/Fantasy (Adult Content),Chapel,Spare Bedroom,,,
Mystery Men,Superhero/Comedy,Chapel,Spare Bedroom,,,
Hancock,Superhero/Action/Comedy,Chapel,Spare Bedroom,,,
Constantine,Supernatural/Action/Horror,Chapel,Spare Bedroom,,,
Blade,Action/Horror/Superhero,Chapel,Spare Bedroom,,,
Blade II,Action/Horror/Superhero,Chapel,Spare Bedroom,,,
Blade Trinity,Action/Horror/Superhero,Chapel,Spare Bedroom,,,
Outlaw Star Perfect Collection Box Set,Anime/Space Western/Action/Adventure,Chapel,Spare Bedroom,,,
Arise 364,Anime/Sci-Fi/Action,Chapel,Spare Bedroom,,,
Arise 162,Anime/Sci-Fi/Action,Chapel,Spare Bedroom,,,
Fantastic Planet,Animation/Sci-Fi/Surreal,Chapel,Spare Bedroom,,,
Lupin the Third: The Woman Called Fujiko Mine,Anime/Adventure/Comedy/Mystery,Chapel,Spare Bedroom,,,
Ghost in the Shell,Anime/Sci-Fi/Cyberpunk,Chapel,Spare Bedroom,,,
A Murder of Quality,Mystery/Thriller,Chapel,Spare Bedroom,,,
The Tatami Galaxy,Anime/Comedy/Romance,Chapel,Spare Bedroom,,,
Belleville Rendez-vous,Animation/Comedy/Musical,Chapel,Spare Bedroom,,,
Film Noir,Various (Crime/Mystery/Thriller),Chapel,Spare Bedroom,,,
Stranger (Sword of the Stranger),Anime/Action/Adventure,Chapel,Spare Bedroom,,,
The Shape of Water,Fantasy/Romance/Drama,Chapel,Spare Bedroom,,,
The Lord of the Rings,Fantasy/Adventure,Chapel,Spare Bedroom,,,
Justice League: Apokolips War,Animation/Superhero/Action,Chapel,Spare Bedroom,,,
Watchmen/Tales of the Black Freighter,Superhero/Action/Mystery,Chapel,Spare Bedroom,,,
Matinee Classics featuring Superman,Superhero/Action/Adventure,Chapel,Spare Bedroom,,,
Black Butler II,Anime/Action/Supernatural,Chapel,Under TV,,,
Pirates of the Caribbean: Dead Man's Chest,Action/Adventure/Fantasy,Chapel,Under TV,,,
Gold Diggers of 1933,Musical/Comedy,Chapel,Under TV,,,
Peacemaker: The Complete First Season,Action/Comedy/Superhero,Chapel,Under TV,,,
Spirit of Wonder,Anime/Sci-Fi/Comedy,Chapel,Under TV,,,
Metropolis,Sci-Fi/Drama,Chapel,Under TV,,,
Shimoneta: The Complete Series,Anime/Comedy/Ecchi,Chapel,Under TV,,,
The Falcon Collection,Film noir/Detective,Chapel,Under TV,,,
Shogun Assassin,Action/Samurai/Exploitation,Chapel,Under TV,,,
Die Hard 4.0,Action/Thriller,Chapel,Under TV,,,
Maigret,Mystery/Crime Drama,Chapel,Under TV,,,
Kitaro,Fantasy/Adventure/Anime (Likely),Chapel,Under TV,,,
Ellery Queen Mysteries,Mystery/Detective Fiction,Chapel,Under TV,,,
Babycart in Peril,Action/Samurai/Exploitation,Chapel,Under TV,,,
Comedies (Shakespeare),Comedy/Drama (Shakespearean plays),Chapel,Under TV,,,
Rope,Thriller/Crime/Drama,Chapel,Under TV,,,
Justice League Dark,Superhero/Action/Animation,Chapel,Under TV,,,
Highlander,Action/Fantasy/Adventure,Chapel,Under TV,,,
Die Hard 2: Die Harder,Action/Thriller,Chapel,Under TV,,,
Die Hard,Action/Thriller,Chapel,Under TV,,,
No Time to Die,Action/Spy/Thriller,Chapel,Under TV,,,
The Castafiore Emerald/Flight 714/Tintin and the Picaros,Animation/Adventure/Mystery (Tintin),Chapel,Under TV,,,
The Red Sea Sharks/Tintin in Tibet,Animation/Adventure/Mystery (Tintin),Chapel,Under TV,,,
Destination Moon/Explorers on the Moon,Sci-Fi/Adventure,Chapel,Under TV,,,
Land of Black Gold/The Calculus Affair,Animation/Adventure/Mystery (Tintin),Chapel,Under TV,,,
Prisoners of the Sun/The Seven Crystal Balls,Animation/Adventure/Mystery (Tintin),Chapel,Under TV,,,
The Secret of the Unicorn/Red Rackham's Treasure,Animation/Adventure/Mystery (Tintin),Chapel,Under TV,,,
The Shooting Star/The Crab with the Golden Claws,Animation/Adventure/Mystery (Tintin),Chapel,Under TV,,,
The Black Island/King Ottokar's Sceptre,Animation/Adventure/Mystery (Tintin),Chapel,Under TV,,,
The Blue Lotus/Tintin and the Broken Ear,Animation/Adventure/Mystery (Tintin),Chapel,Under TV,,,
Tintin in America/Cigars of the Pharaoh,Animation/Adventure/Mystery (Tintin),Chapel,Under TV,,,
The World is Not Enough,Action/Spy/Thriller,Chapel,Spare Bedroom,,,
Tomorrow Never Dies,Action/Spy/Thriller,Chapel,Spare Bedroom,,,
Callan: The Movie,Thriller/Crime/Drama,Chapel,Spare Bedroom,,,
The Ipcress File,Spy/Thriller,Chapel,Spare Bedroom,,,
Tinker Tailor Soldier Spy,Spy/Thriller/Drama,Chapel,Spare Bedroom,,,
Smiley's People,Spy/Thriller/Drama,Chapel,Spare Bedroom,,,
The Amateur,Thriller/Action,Chapel,Spare Bedroom,,,
Afro Samurai - Episodes,Anime/Action/Samurai,Chapel,Spare Bedroom,,,
Afro Samurai - Extras,Anime/Action/Samurai,Chapel,Spare Bedroom,,,
Requiem from the Darkness 1,Anime/Horror/Mystery,Chapel,Spare Bedroom,,,
Requiem from the Darkness 2,Anime/Horror/Mystery,Chapel,Spare Bedroom,,,
Requiem from the Darkness 3,Anime/Horror/Mystery,Chapel,Spare Bedroom,,,
Requiem from the Darkness 4,Anime/Horror/Mystery,Chapel,Spare Bedroom,,,
Vampire Hunter D: Bloodlust,Anime/Horror/Action/Vampire,Chapel,Spare Bedroom,,,
Ghost Talker's Daydream,Anime/Supernatural/Comedy,Chapel,Spare Bedroom,,,
Darker Than Black: The Complete Second Season,Anime/Action/Supernatural/Sci-Fi,Chapel,Spare Bedroom,,,
Dark City,Sci-Fi/Neo-noir/Mystery,Chapel,Spare Bedroom,,,
Tron,Sci-Fi/Action/Adventure,Chapel,Spare Bedroom,,,
Metropolis,Sci-Fi/Drama,Chapel,Spare Bedroom,,,
Night Watch,Fantasy/Action/Thriller,Chapel,Spare Bedroom,,,
Day Watch,Fantasy/Action/Thriller,Chapel,Spare Bedroom,,,
Live Die Repeat: Edge of Tomorrow,Sci-Fi/Action,Chapel,Spare Bedroom,,,
Star Wars: Episode III – Revenge of the Sith,Sci-Fi/Action/Adventure,Chapel,Spare Bedroom,,,
Star Wars: Episode VI – Return of the Jedi,Sci-Fi/Action/Adventure,Chapel,Spare Bedroom,,,
Star Wars: Episode V – The Empire Strikes Back,Sci-Fi/Action/Adventure,Chapel,Spare Bedroom,,,
Star Wars: Episode IV – A New Hope,Sci-Fi/Action/Adventure,Chapel,Spare Bedroom,,,
Star Wars: Bonus Material,Sci-Fi/Action/Adventure (Likely supplemental content for the Star Wars films),Chapel,Spare Bedroom,,,
Psychic Wars,Anime/Horror/Sci-Fi,Chapel,Spare Bedroom,,,
Hellboy: Sword of Storms,Anime/Action/Adventure,Chapel,Spare Bedroom,,,
Wizards,Animation/Fantasy/Post-apocalyptic,Chapel,Spare Bedroom,,,
Les Maîtres du temps (Time Masters),Animation/Sci-Fi/Adventure,Chapel,Spare Bedroom,,,
The Sky Crawlers,Anime/Action/Drama,Chapel,Spare Bedroom,,,
Dante's Inferno: An Animated Epic,Animation/Action/Fantasy/Horror,Chapel,Spare Bedroom,,,
Ghost Hunt: The Complete Series,Anime/Mystery/Horror/Supernatural,Chapel,Spare Bedroom,,,
Gandahar,Animation/Sci-Fi/Fantasy,Chapel,Spare Bedroom,,,
Arsenic and Old Lace,Comedy/Black Comedy,Chapel,Spare Bedroom,,,
The League of Extraordinary Gentlemen,Action/Adventure/Fantasy,Chapel,Spare Bedroom,,,
Django Prepare a Coffin,Western/Action,Chapel,Spare Bedroom,,,
American Assassin,Action/Thriller,Chapel,Spare Bedroom,,,
Crank,Action/Thriller,Chapel,Spare Bedroom,,,
Crank 2: High Voltage,Action/Thriller,Chapel,Spare Bedroom,,,
Jack Reacher,Action/Thriller/Mystery,Chapel,Spare Bedroom,,,
Shooter,Action/Thriller,Chapel,Spare Bedroom,,,
Blow Up,Drama/Mystery/Thriller,Chapel,Spare Bedroom,,,
Orlando,Drama/Romance/Fantasy,Chapel,Spare Bedroom,,,
Taken,Action/Thriller,Chapel,Spare Bedroom,,,
Jack Reacher: Never Go Back,Action/Thriller/Crime,Chapel,Spare Bedroom,,,
Hitman: Extreme Edition,Action/Thriller/Crime,Chapel,Spare Bedroom,,,
Grosse Pointe Blank,Action/Comedy/Crime,Chapel,Spare Bedroom,,,
Ninja Scroll,Anime/Action/Adventure/Fantasy,Chapel,Spare Bedroom,,,
Hellsing the collection,Anime/Action/Horror/Supernatural/Vampire,Chapel,Spare Bedroom,,,
Van Helsing: The London Assignment,Animation/Action/Horror/Supernatural,Chapel,Spare Bedroom,,,
Heavy Metal 2000,Animation/Sci-Fi/Fantasy/Adult,Chapel,Spare Bedroom,,,
Heavy Metal,Animation/Sci-Fi/Fantasy/Adult,Chapel,Spare Bedroom,,,
The Big Sleep,Film Noir/Mystery/Crime,Chapel,Spare Bedroom,,,
Hellboy II: The Golden Army,Superhero/Action/Fantasy,Chapel,Spare Bedroom,,,
Hellboy,Superhero/Action/Fantasy/Horror,Chapel,Spare Bedroom,,,
Sin City,Action/Crime/Thriller/Neo-noir,Chapel,Spare Bedroom,,,
Solomon Kane,Action/Adventure/Fantasy/Horror,Chapel,Spare Bedroom,,,
Punisher: War Zone,Action/Crime/Thriller/Superhero,Chapel,Spare Bedroom,,,
Dredd,Action/Sci-Fi/Dystopian,Chapel,Spare Bedroom,,,
V for Vendetta,Action/Dystopian/Thriller,Chapel,Spare Bedroom,,,
Spider-Man 3,Superhero/Action/Adventure,Chapel,Spare Bedroom,,,
The Day the Earth Stood Still,Sci-Fi/Drama,Chapel,Spare Bedroom,,,
Quatermass and the Pit,Sci-Fi/Horror,Chapel,Spare Bedroom,,,
Hammer Horror (Likely a collection),Horror,Chapel,Spare Bedroom,,,
The Quatermass Experiment,Sci-Fi/Horror,Chapel,Spare Bedroom,,,
Timeslip,Sci-Fi/Adventure/Family,Chapel,Spare Bedroom,,,
THX 1138 (George Lucas Director's Cut),Sci-Fi/Dystopian,Chapel,Spare Bedroom,,,
Galaxy Quest,Sci-Fi/Comedy,Chapel,Spare Bedroom,,,
Outland,Sci-Fi,Chapel,Spare Bedroom,,,
Total Recall,Sci-Fi/Action/Thriller,Chapel,Spare Bedroom,,,
Barbarella Queen of the Galaxy,Sci-Fi/Fantasy/Adventure,Chapel,Spare Bedroom,,,
Dune,Sci-Fi/Adventure,Chapel,Spare Bedroom,,,
Bleach: Complete Series 5 (Episodes 92-109),Anime/Action/Adventure/Supernatural,Chapel,Spare Bedroom,,,
Batman: Gotham Knight,Animation/Superhero/Action,Chapel,Spare Bedroom,,,
Constantine: City of Demons,Animation/Superhero/Horror/Supernatural,Chapel,Spare Bedroom,,,
Hellboy Blood & Iron,Superhero/ Anime/Action,Chapel,Spare Bedroom,,,
Boogiepop Phantom Evolution 4,Anime/Mystery/Horror/Psychological,Chapel,Spare Bedroom,,,
Boogiepop Phantom Evolution 3,Anime/Mystery/Horror/Psychological,Chapel,Spare Bedroom,,,
Boogiepop Phantom Evolution 2,Anime/Mystery/Horror/Psychological,Chapel,Spare Bedroom,,,
The Bourne Legacy,Action/Thriller/Spy,Chapel,Spare Bedroom,,,
The Bourne Ultimatum,Action/Thriller/Spy,Chapel,Spare Bedroom,,,
The Bourne Identity,Action/Thriller/Spy,Chapel,Spare Bedroom,,,
Jason Bourne,Action/Thriller/Spy,Chapel,Spare Bedroom,,,
Neverwhere: The Complete Series,Fantasy/Urban Fantasy/Drama,Chapel,Spare Bedroom,,,
True Lies,Action/Comedy/Spy,Chapel,Spare Bedroom,,,
OSS 117: Cairo Nest of Spies,Comedy/Spy/Action,Chapel,Spare Bedroom,,,
Stormbreaker,Action/Adventure/Spy,Chapel,Spare Bedroom,,,
Days of the Condor,Thriller/Spy/Neo-noir,Chapel,Spare Bedroom,,,
Mission: Impossible,Action/Spy/Thriller,Chapel,Spare Bedroom,,,
Mission: Impossible - Ghost Protocol,Action/Spy/Thriller,Chapel,Spare Bedroom,,,
John Wick: Chapter 3 – Parabellum,Action/Thriller/Neo-Noir,Chapel,Spare Bedroom,,,
John Wick 2,Action/Thriller/Neo-Noir,Chapel,Spare Bedroom,,,
The Accountant,Action/Thriller/Crime,Chapel,Spare Bedroom,,,
Nobody,Action/Thriller,Chapel,Spare Bedroom,,,
The Bourne Supremacy,Action/Spy/Thriller,Chapel,Spare Bedroom,,,
Blade Runner: The Director's Cut,Sci-Fi/Neo-noir/Thriller,Chapel,Spare Bedroom,,,
The Fifth Element,Sci-Fi/Action/Comedy,Chapel,Spare Bedroom,,,
Starship Troopers,Sci-Fi/Action/Satire,Chapel,Spare Bedroom,,,
20th Century Boys,Action/Mystery/Sci-Fi,Chapel,Spare Bedroom,,,
Star Trek Into Darkness,Sci-Fi/Action/Adventure,Chapel,Spare Bedroom,,,
Minority Report,Sci-Fi/Action/Thriller,Chapel,Spare Bedroom,,,
The Matrix,Sci-Fi/Action/Cyberpunk,Chapel,Spare Bedroom,,,
The Matrix Reloaded,Sci-Fi/Action/Cyberpunk,Chapel,Spare Bedroom,,,
The Matrix Revolutions,Sci-Fi/Action/Cyberpunk,Chapel,Spare Bedroom,,,
The Animatrix,Anime/Sci-Fi/Action/Anthology,Chapel,Spare Bedroom,,,
Escape from L.A.,Action/Sci-Fi/Dystopian,Chapel,Spare Bedroom,,,
Escape from New York: Special Edition,Action/Sci-Fi/Dystopian,Chapel,Spare Bedroom,,,
Roberta's Blood Trail (Black Lagoon),Anime/Action/Crime/Thriller,Chapel,Spare Bedroom,,,
Black Lagoon: The Second Barrage,Anime/Action/Crime/Thriller,Chapel,Spare Bedroom,,,
Samurai Gun,Anime/Action/Historical/Western,Chapel,Spare Bedroom,,,
Archer (The Complete Season one DVD),Animated/Comedy/Spy,Chapel,Spare Bedroom,,,
Dangerman,Action/Adventure/Spy (Likely),Chapel,Spare Bedroom,,,
GoldenEye,Action/Spy/Thriller,Chapel,Spare Bedroom,,,
From Russia with Love,Action/Spy/Thriller,Chapel,Spare Bedroom,,,
Die Another Day,Action/Spy/Thriller,Chapel,Spare Bedroom,,,
Goldfinger,Action/Spy/Thriller,Chapel,Spare Bedroom,,,
The Spirit,Crime/Drama/Action,Chapel,Spare Bedroom,,,
Welcome to the N.H.K: Complete Series,Anime,Chapel,Spare Bedroom,,,
Deadpool 2,Action/Comedy/Superhero,Chapel,Spare Bedroom,,,
Spawn (The Director's Cut),Superhero/Action/Horror,Chapel,Spare Bedroom,,,
Wanted,Action/Thriller/Crime,Chapel,Spare Bedroom,,,
X-Men,Superhero/Action/Sci-Fi,Chapel,Spare Bedroom,,,
The Avengers Assemble,Superhero/Action/Sci-Fi,Chapel,Spare Bedroom,,,
Iron Man 2,Superhero/Action/Sci-Fi,Chapel,Spare Bedroom,,,
Black Panther,Superhero/Action/Sci-Fi,Chapel,Spare Bedroom,,,
Casablanca,Romance/Drama/War,Chapel,Spare Bedroom,,,
The Third Man,Film Noir/Thriller/Mystery,Chapel,Spare Bedroom,,,
The Maltese Falcon,Film Noir/Mystery/Crime,Chapel,Spare Bedroom,,,
Unknown,Action/Thriller/Mystery,Chapel,Spare Bedroom,,,
Mission: Impossible – Rogue Nation,Action/Spy/Thriller,Chapel,Spare Bedroom,,,
Coraline,Animation/Dark Fantasy/Horror,Chapel,Spare Bedroom,,,
The Box of Delights,Fantasy/Children's/Adventure,Chapel,Spare Bedroom,,,
Game of Thrones: Conquest & Rebellion (Likely a special feature/history disc),Fantasy/Historical/Drama,Chapel,Bureau,,,
Game of Thrones: The Complete Eighth Season,Fantasy/Historical/Drama,Chapel,Bureau,,,
Game of Thrones: The Complete Sixth Season,Fantasy/Historical/Drama,Chapel,Bureau,,,
Game of Thrones: The Complete Fifth Season,Fantasy/Historical/Drama,Chapel,Bureau,,,
Game of Thrones: The Complete Fourth Season,Fantasy/Historical/Drama,Chapel,Bureau,,,
Game of Thrones: The Complete Third Season,Fantasy/Historical/Drama,Chapel,Bureau,,,
Game of Thrones: The Complete Second Season,Fantasy/Historical/Drama,Chapel,Bureau,,,
Game of Thrones: The Complete Seventh Season,Fantasy/Historical/Drama,Chapel,Bureau,,,
Game of Thrones: The Complete First Season,Fantasy/Historical/Drama,Chapel,Bureau,,,
Sapphire & Steel: Assignments I Ii & III,Sci-Fi/Fantasy/Mystery,Chapel,Bureau,,,
The Crow Road,Drama/Comedy,Chapel,Bureau,,,
Our Friends in the North,Drama/Historical/Political,Chapel,Bureau,,,
Sapphire & Steel: Assignments IV V & VI,Sci-Fi/Fantasy/Mystery,Chapel,Bureau,,,
Lord Peter Wimsey: The Nine Tailors,Mystery/Detective Fiction,Chapel,Bureau,,,
Lord Peter Wimsey: Five Red Herrings,Mystery/Detective Fiction,Chapel,Bureau,,,
Lord Peter Wimsey: The Bellona Club,Mystery/Detective Fiction,Chapel,Bureau,,,
Lord Peter Wimsey: The Unpleasantness at the Bellona Club,Mystery/Detective Fiction,Chapel,Bureau,,,
Lord Peter Wimsey: Gaudy Night,Mystery/Detective Fiction,Chapel,Bureau,,,
Lord Peter Wimsey: Strong Poison,Mystery/Detective Fiction,Chapel,Bureau,,,
Lord Peter Wimsey: Whose Body?,Mystery/Detective Fiction,Chapel,Bureau,,,
Lord Peter Wimsey: Clouds of Witness,Mystery/Detective Fiction,Chapel,Bureau,,,
Alleyn Mysteries,Mystery/Detective Fiction,Chapel,Bureau,,,
Callan: Series 1 Part 1 of 3 (Episodes 1-3),Thriller/Crime/Drama,Chapel,Bureau,,,
Callan: Series 1 Part 2 of 3 (Episodes 4-6),Thriller/Crime/Drama,Chapel,Bureau,,,
Callan: Series 1 Part 3 of 3 (Episodes 7-9),Thriller/Crime/Drama,Chapel,Bureau,,,
Doctor Who: Series 3 Volume 3,Sci-Fi/Adventure,Chapel,Bureau,,,
Strange Days,Sci-Fi/Thriller/Action,Chapel,Bureau,,,
Six Plays by Alan Bennett,Drama/Comedy,Chapel,Bureau,,,
Tokko: The Complete Series (Volumes 1-3),Anime/Action/Horror/Supernatural,Chapel,Bureau,,,
Crying Freeman: The Complete Collection,Anime/Action/Crime/Thriller,Chapel,Bureau,,,
Sword for Truth,Anime/Action/Martial Arts,Chapel,Bureau,,,
Greatest Astro Boy Adventures,Anime/Sci-Fi/Adventure,Chapel,Bureau,,,
Takashi Miike's (Likely a collection of his films,horror/Yakuza/Drama,Chapel,Bureau,,,
Detroit Metal City,Anime/Comedy/Music,Chapel,Bureau,,,
Eden of the East (multiple volumes/releases are visible),Anime/Mystery/Thriller/Sci-Fi,Chapel,Bureau,,,
High School of the Dead,Anime/Action/Horror/Zombie/Ecchi,Chapel,Bureau,,,
XXXHOLiC Series 1 Part 2 (Episodes 13-24),Anime/Mystery/Supernatural/Drama,Chapel,Bureau,,,
South Park : The Complete thirteenth Series,Animated/Comedy/Satire,Chapel,Bureau,,,
Doctor Who: The Complete First Series,Sci-Fi/Adventure/Drama,Chapel,Bureau,,,
Gojira (Godzilla),Kaiju/Sci-Fi/Monster,Chapel,Bureau,,,
Godzilla - King of the Monsters,Kaiju/Sci-Fi/Monster,Chapel,Bureau,,,
Godzilla Raids Again,Kaiju/Sci-Fi/Monster,Chapel,Bureau,,,
Mothra vs. Godzilla (aka Godzilla vs. The Thing),Kaiju/Sci-Fi/Monster,Chapel,Bureau,,,
Ghidorah - the Three-Headed Monster,Kaiju/Sci-Fi/Monster,Chapel,Bureau,,,
Invasion of Astro-Monster (aka Godzilla vs. Monster Zero),Kaiju/Sci-Fi/Monster,Chapel,Bureau,,,
All Monsters Attack (aka Godzilla's Revenge),Kaiju/Sci-Fi/Monster,Chapel,Bureau,,,
Terror of Mechagodzilla,Kaiju/Sci-Fi/Monster,Chapel,Bureau,,,
Blood-C: The Complete Series,Anime/Action/Horror/Supernatural,Chapel,Bureau,,,
Blood+,Anime/Action/Horror/Supernatural/Vampire,Chapel,Bureau,,,
Kill la Kill: Part 3/3 (#20-25),Anime/Action/Comedy,Chapel,Bureau,,,
Kill la Kill: Part 2/3 (#10-19),Anime/Action/Comedy,Chapel,Bureau,,,
Captain Scarlet: The Complete Series,Sci-Fi/Action/Puppet Show,Chapel,Bureau,,,
Kill la Kill: Part 1/3 (#1-9),Anime/Action/Comedy,Chapel,Bureau,,,
Superman/Shazam!: The Return of Black Adam,Animation/Superhero/Action,Chapel,Bureau,,,
Twerky (Likely a typo and difficult to determine without more context. Possibly a comedy or parody),Unknown/Comedy (Possibly),Chapel,Bureau,,,
Noein: To Your Other Self - The Complete Series (Episodes 1-24),Anime/Sci-Fi/Action/Romance,Chapel,Bureau,,,
The Adventures of Blake and Mortimer,Animation/Adventure/Mystery,Chapel,Bureau,,,
XXXHOLiC Series 1 Part 1 (Episodes 1-12),Anime/Mystery/Supernatural/Drama,Chapel,Bureau,,,
Follies: The Whole Story,Musical/Drama,Chapel,Bureau,,,
The Avengers (Likely a collection of episodes from the 1960s TV series),Action/Adventure/Spy,Chapel,Bureau,,,
Dexter: The Complete Series,Crime/Drama/Thriller,Chapel,Bureau,,,
Film Noir Collection,Film Noir/Crime/Mystery/Thriller,Chapel,Bureau,,,
Zatoichi,Action,Chapel,Shelf,,,
Zatoichi: The Outlaw,Action,Chapel,Shelf,,,
Ran,Drama,Chapel,Shelf,,,
Throne of Blood,Drama,Chapel,Shelf,,,
Kagemusha: The Shadow Warrior,Drama,Chapel,Shelf,,,
The Street Fighter's Last Revenge,Action,Chapel,Shelf,,,
Seven Samurai,Action,Chapel,Shelf,,,
The Melancholy of Haruhi Suzumiya,Anime,Chapel,Shelf,,,
Haruhi-Chan Suzumiya,Anime,Chapel,Shelf,,,
Black Butler Collection,Anime,Chapel,Shelf,,,
GANTZ,Anime,Chapel,Shelf,,,
GANTZ PERFECT ANSWER,Anime,Chapel,Shelf,,,
CHANBARA Striptease,Anime,Chapel,Shelf,,,
BUNRAKU,Anime,Chapel,Shelf,,,
Princess Raccoon,Anime,Chapel,Shelf,,,
Black Butler Collection I,Anime,Chapel,Shelf,,,
Black Butler Collection II,Anime,Chapel,Shelf,,,
The Melancholy of Haruhi Suzumiya,Anime,Chapel,Shelf,,,
The Disappearance of Haruhi Suzumiya,Anime,Chapel,Shelf,,,
VERSUS,Action,Chapel,Shelf,,,
K20 The legend of the black mask,Action,Chapel,Shelf,,,
GEISHA ASSASSIN,Action,Chapel,Shelf,,,
BLOOD SIMPLE,Crime,Chapel,Shelf,,,
SAMURAI COMMAND: MISSION 549,Action,Chapel,Shelf,,,
DEVIL MAY CRY: THE COMPLETE SERIES,Action,Chapel,Shelf,,,
The Laughing Man,Anime,Chapel,Shelf,,,
Individual Eleven,Anime,Chapel,Shelf,,,
Death Notice (Ikigami),Anime,Chapel,Shelf,,,
LalaPipo,Anime,Chapel,Shelf,,,
Adrift in Tokyo,Anime,Chapel,Shelf,,,
Ghost in the Shell: Stand Alone Complex 2nd GIG Complete 2nd Gig Box Set,Anime,Chapel,Shelf,,,
Bloodrain,Anime,Chapel,Shelf,,,
Alfie,Drama,Chapel,Shelf,,,
Redline,Anime,Chapel,Shelf,,,
Paranoia Agent 4,Anime,Chapel,Shelf,,,
Paranoia Agent 3,Anime,Chapel,Shelf,,,
Paranoia Agent 2,Anime,Chapel,Shelf,,,
Paranoia Agent 1,Anime,Chapel,Shelf,,,
Metropolis,Anime,Chapel,Under TV,,,
Psycho-Pass Complete Season One Collection,Anime,Chapel,Under TV,,,
Bleach The Movie 2,Anime,Chapel,Under TV,,,
Lady Snowblood: Blizzard from the Netherworld,Action,Chapel,Under TV,,,
Ichi,Drama,Chapel,Under TV,,,
Sanjuro,Drama,Chapel,Under TV,,,
The Hidden Fortress,Drama,Chapel,Under TV,,,
Rashomon Special Edition,Drama,Chapel,Under TV,,,
Tintin: The Black Island King Ottokar's Sceptre The Red Sea Sharks Tintin in  In Tibet,Animation,Chapel,Under TV,,,
Summer Wars,Animation,Chapel,Under TV,,,
Rin-Daughters of Mnemosyne,Anime,Chapel,Under TV,,,
Good Omens,Comedy,Chapel,Under TV,,,
Too Many Nights: The Images of Bob Carlos Clarke,Documentary,Chapel,Under TV,,,
Looking for Light: Jane Bown,Documentary,Chapel,Under TV,,,
Luke Dodd & Michael Whyte,Documentary,Chapel,Under TV,,,
Helmut Newton Fotografia,Documentary,Chapel,Under TV,,,
Man Ray,Documentary,Chapel,Under TV,,,
The Beekeeper,Action,Chapel,Under TV,,,
Sky.Blue,Unknown,Chapel,Under TV,,,
Space Adventures Cobra,Anime,Chapel,Under TV,,,
Death Note Complete 4 Disc Set,Anime,Chapel,Under TV,,,
High School of the Dead Season 4,Anime,Chapel,Under TV,,,
South Park 12,Comedy,Chapel,Under TV,,,
South Park 11,Comedy,Chapel,Under TV,,,
South Park bigger longer and uncut,Comedy,Chapel,Under TV,,,
Adventure Time,Animation,Chapel,Under TV,,,
South Park 9,Comedy,Chapel,Under TV,,,
South Park 8,Comedy,Chapel,Under TV,,,
ICONS OF SCI-FI TOHO COLLECTION,Sci-Fi,Chapel,Under TV,,,
Blue is the Warmest Colour,Drama,Chapel,Under TV,,,
Venus in Furs,Drama,Chapel,Under TV,,,
Age of Consent,Drama,Chapel,Under TV,,,
Adam Adamant Lives!,Drama,Chapel,Under TV,,,
50 Movie SciFi Classics DVD Collection,Sci-Fi,Chapel,Under TV,,,
Blackadder: The Complete Collection,Comedy,Chapel,Under TV,,,
Clerks.,Comedy,Chapel,Under TV,,,
In Bruges,Comedy,Chapel,Under TV,,,
Le Corbeau,Thriller,Chapel,Under TV,,,
Le Nom des Gens,Drama,Chapel,Under TV,,,
Cashback,Comedy,Chapel,Under TV,,,
Alphaville,Tech Noir,Chapel,Under TV,,,
Origin: Spirits of the Past,Anime,Chapel,Under TV,,,
Prison School,Comedy,Chapel,Under TV,,,
Pink Films: Vol. 18220,Adult,Chapel,Under TV,,,
Baccano!,Action,Chapel,Under TV,,,
Blood: The Last Vampire,Anime,Chapel,Under TV,,,
Black Jack,Drama,Chapel,Under TV,,,
Annie Leibovitz: Life Through a Lens,Documentary,Chapel,Under TV,,,
Finding Vivian Maier,Documentary,Chapel,Under TV,,,
Blue is the Warmest Colour,Drama,Chapel,Under TV,,,
Venus in Furs,Drama,Chapel,Under TV,,,
Hanzo the Razor: Who's Got the Hanzo,Drama,Chapel,Under TV,,,
Hanzo the Razor: The Snare,Drama,Chapel,Under TV,,,
Hanzo the Razor: Sword of Justice,Drama,Chapel,Under TV,,,
Women in Love,Drama,Chapel,Under TV,,,
Let the Right One In,Horror,Chapel,Under TV,,,
If...,Drama,Chapel,Under TV,,,
The Phantom: Requiem for the Phantom,Anime,Chapel,Under TV,,,
Constantine: House of Mystery,Horror,Chapel,Under TV,,,
John Wick: Chapter 4,Action,Chapel,Under TV,,,
The Avengers 65,Action,Chapel,Under TV,,,
The Blacklist: The Complete Sixth Season,Crime,Chapel,Under TV,,,
The Blacklist: The Complete Seventh Season,Crime,Chapel,Under TV,,,
Adam Adamant Lives!,Adventure,Chapel,Under TV,,,
D Gray-Man,Anime,Chapel,Under TV,,,
Marina Abramović: 7 Easy Pieces,Documentary,Chapel,Under TV,,,
Timeslip: The Complete Series,Sci-Fi,Chapel,Under TV,,,
Blake's 7: The Complete Series 1-4,Sci-Fi,Chapel,Under TV,,,
The Miss Marple Collection,Mystery,Chapel,Under TV,,,
The Avengers Disc 3 & 4,Action,Chapel,Under TV,,,
The Avengers 63,Action,Chapel,Under TV,,,
Yojimbo,Action,Chapel,Under TV,,,
Deadpool & Wolverine,Action,Chapel,Under TV,,,
John Wick,Action,Chapel,Under TV,,,
Death Wish 1-5,Action,Chapel,Under TV,,,
Zatoichi,Action,Chapel,Under TV,,,
Zatoichi: The Outlaw,Action,Chapel,Under TV,,,
Ran,Drama,Chapel,Under TV,,,
Throne of Blood,Drama,Chapel,Under TV,,,
Kagemusha: The Shadow Warrior,Drama,Chapel,Under TV,,,
The Street Fighter's Last Revenge,Action,Chapel,Under TV,,,
Seven Samurai,Action,Chapel,Under TV,,,
Skyfall,Action,Chapel,Spare Bedroom,,,
Serial Experiments Lain,Anime,Chapel,Spare Bedroom,,,
The Extraordinary Adventures of Arsène Lupin,Drama,Chapel,Spare Bedroom,,,
Tinker Tailor Soldier Spy,Drama,Chapel,Spare Bedroom,,,
After Samuean Resurrection,Action,Chapel,Spare Bedroom,,,
Guardians of the Galaxy,Sci-Fi,Chapel,Spare Bedroom,,,
Kick-Ass,Action,Chapel,Spare Bedroom,,,
Beowulf: Director's Cut,Animation,Chapel,Spare Bedroom,,,
Sherlock Holmes,Mystery,Chapel,Spare Bedroom,,,
Alice in Wonderland,Fantasy,Chapel,Spare Bedroom,,,
The Dark Knight,Action,Chapel,Spare Bedroom,,,
Quantum of Solace,Action,Chapel,Spare Bedroom,,,
Casino Royale,Action,Chapel,Spare Bedroom,,,
Inception,Sci-Fi,Chapel,Spare Bedroom,,,
Avatar,Sci-Fi,Chapel,Spare Bedroom,,,
Ghost Rider,Action,Chapel,Spare Bedroom,,,
Watchmen,Superhero,Chapel,Spare Bedroom,,,
Good Morning I Was Born But...,Drama,Chapel,Spare Bedroom,,,
Akira,Anime,Chapel,Spare Bedroom,,,
Red Dwarf: Just the Shows I - IV,Comedy,Chapel,Spare Bedroom,,,
Red Dwarf: Just the Shows V - VIII,Comedy,Chapel,Spare Bedroom,,,
Zatoichi's Pilgrimage,Action,Chapel,Spare Bedroom,,,
Lady Snowblood: Love Song of Vengeance,Action,Chapel,Spare Bedroom,,,
Zatoichi Meets Yojimbo,Action,Chapel,Spare Bedroom,,,
Ambush at Blood Pass,Action,Chapel,Spare Bedroom,,,
Red Lion,Action,Chapel,Spare Bedroom,,,
Babycart in the Land of Demons,Action,Chapel,Spare Bedroom,,,
DVD Title,Genre,Location,Room,,,
The Comic strip presents The Complete Collection,Comedy,Chase,Living Room,,,
The Goodies... At Last,Comedy,Chase,Living Room,,,
Life on Mars: The Complete Series One,Drama,Chase,Living Room,,,
Life on Mars: The Complete Series Two,Drama,Chase,Living Room,,,
Pennies from Heaven,Musical,Chase,Living Room,,,
I Claudius,Drama,Chase,Living Room,,,
Canterbury Tales,Drama,Chase,Living Room,,,
Dead of Night,Horror,Chase,Living Room,,,
Azumi,Action,Chase,Living Room,,,
Hitchcock The 39 Steps,Thriller,Chase,Living Room,,,
Lift to the Scaffold,Thriller,Chase,Living Room,,,
Casting the Runes,Horror,Chase,Living Room,,,
Get Carter,Crime,Chase,Living Room,,,
Enter the Dragon,Action,Chase,Living Room,,,
A Clockwork Orange,Sci-Fi,Chase,Living Room,,,
True Romance,Romance,Chase,Living Room,,,
Dog Day Afternoon,Crime,Chase,Living Room,,,
Deliverance,Thriller,Chase,Living Room,,,
Free Guy,Action/Comedy,Chase,Living Room,,,
Psycho Dyver,Anime/Horror,Chase,Living Room,,,
Team America: World Police,Comedy,Chase,Living Room,,,
Angela,Drama,Chase,Living Room,,,
The Iron Giant,Animation,Chase,Living Room,,,
Aardman Classics,Stop Motion,Chase,Living Room,,,
Kung Fu Panda,Animation,Chase,Living Room,,,
Monsters Inc.,Animation,Chase,Living Room,,,
Poor Cow,Drama,Chase,Living Room,,,
Donnie Darko,Sci-Fi,Chase,Living Room,,,
House on Haunted Hill,Horror,Chase,Living Room,,,
West Side Story,Musical,Chase,Living Room,,,
The Mummy,Action,Chase,Living Room,,,
The Chronicles of Narnia: The lion The witch & the wardrobe,Fantasy,Chase,Living Room,,,
Pirates of the Caribbean: The Curse of the Black Pearl,Adventure,Chase,Living Room,,,
Conan the Barbarian,Fantasy,Chase,Living Room,,,
Time Traveller the girl who leapt through time,Sci-Fi,Chase,Living Room,,,
Rattle and Hum,Documentary,Chase,Living Room,,,
Frida,Drama,Chase,Living Room,,,
WOOCHI,Fantasy/Action,Chase,Living Room,,,
Battle Royale,Sci-Fi/Action,Chase,Living Room,,,
Crouching Tiger Hidden Dragon,Fantasy/Action,Chase,Living Room,,,
Sky Captain & the World of Tomorrow,Sci-Fi,Chase,Living Room,,,
Monty Python the Movies,Comedy,Chase,Living Room,,,
Memento,Thriller,Chase,Living Room,,,
Poirot mysterious affair at Styles,Mystery,Chase,Living Room,,,
Moulin Rouge!,Musical,Chase,Living Room,,,
Being John Malkovich,Comedy,Chase,Living Room,,,
Pan's Labyrinth,Fantasy,Chase,Living Room,,,
The Princess Bride,Romance/Fantasy,Chase,Living Room,,,
The Lord of the Rings: The Fellowship of the Ring,Fantasy,Chase,Living Room,,,
The Lord of the Rings: The Two Towers,Fantasy,Chase,Living Room,,,
The Lord of the Rings: The Return of the King,Fantasy,Chase,Living Room,,,
Golden Compass,Fantasy,Chase,Living room,,,
Coffee and Cigarettes,Drama,Chase,Living room,,,
Secretary,Romantic Comedy,Chase,Living room,,,
Being John Malkovich,Comedy/Drama,Chase,Living room,,,
The Notorious Bettie Page,Biography,Chase,Living room,,,
Romeo + Juliet,Romance,Chase,Living room,,,
Arakimentari,Documentary,Chase,Living room,,,
The Apartment,Comedy,Chase,Living room,,,
Amelie,Romantic Comedy,Chase,Living room,,,
Thermae Romae,Comedy,Chase,Living room,,,
Wallace & Gromit 3 Cracking Adventures!,Stop Motion,Chase,Living room,,,
Ray,Biography,Chase,Living room,,,
The Prodigy : Pay close attention,Music,Chase,Living room,,,
The Rocky Horror Picture Show,Musical,Chase,Living room,,,
Thermae Romae,Comedy,Chase,Living room,,,
Groundhog Day,Comedy/Romance,Chase,Living room,,,
Eternal Sunshine of the spotless mind,Romance,Chase,Living room,,,
Tim Burton's Corpse Bride,Stop Motion,Chase,Living room,,,
Black Dynamite,Comedy,Chase,Living room,,,
The Beautiful South: Munching Our Hits,Music,Chase,Living room,,,
ABBA Gold,Music,Chase,Living room,,,
George Michael: Twenty Five,Music,Chase,Living room,,,
Kirsty MacColl: From Camden to Cuba,Music/Documentary,Chase,Living room,,,
Eminem: Music Videos,Music,Chase,Living room,,,
Queen Greatest Video Hits 1,Music,Chase,Living room,,,
Queen Greatest Video Hits 2,Music,Chase,Living room,,,
Soft Cell Non-Stop Exotic Video Show,Music,Chase,Living room,,,
Kylie Minogue Ultimate Kylie,Music,Chase,Living room,,,
Mylene Farmer: Music Videos,Music,Chase,Living room,,,
Mylene Farmer: Music Videos II & III,Music,Chase,Living room,,,
Mylene Farmer: Music Videos IV,Music,Chase,Living room,,,
Eurythmics Ultimate Collection,Music,Chase,Living room,,,
Madonna: The Immaculate Collection,Music,Chase,Living room,,,
Madonna: The Video Collection 93:99,Music,Chase,Living room,,,
Not Another Teen Movie,Comedy,Chase,Living room,,,
Tintin and the Mystery of the Golden Fleece,Animation,Chase,Living room,,,
Ealing Comedies DVD Collection,Comedy,Chase,Living room,,,
Fawlty Towers,Sitcom,Chase,Living room,,,
Agatha Christie's Miss Marple,Mystery,Chase,Living room,,,
Alan Bennett: The Complete Talking Heads,Drama,Chase,Living room,,,
Pedro Almodovar's Volver,Drama,Chase,Living room,,,
Funuke: Show Some Love you losers,Drama,Chase,Living room,,,
Pedro Almodovar's Kika,Drama,Chase,Living room,,,
Pedro Almodovar's Dark Habits,Comedy/Drama,,,,,
Pedro Almodovar's Law of Desire,Drama/Romance,Chase,Living room,,,
Pedro Almodovar's Matador,Crime/Drama,Chase,Living room,,,
Pedro Almodovar's Kika,Crime,Chase,Living room,,,
High Fidelity,Comedy/Drama,Chase,Living room,,,
Charlie and the Chocolate Factory,Family/Fantasy,Chase,Living room,,,
Like water for chocolate,Romance,Chase,Living room,,,
Benjamin Button (The Curious Case of Benjamin Button),Drama/Fantasy,Chase,Living room,,,
The History Boys,Comedy/Drama,Chase,Living room,,,
The Punisher,Action,Chase,Living Room,,,
The Tomorrow People The Vanishing Earth,Sci-Fi,Chase,Living Room,,,
The Tomorrow People The Slavs of Jedikah,Sci-Fi,Chase,Living Room,,,
The Tomorrow People The Medusa Strain,Sci-Fi/Thriller,Chase,Living Room,,,
Whistle and I'll Come to You,Horror,Chase,Living Room,,,
Calendar Girls,Comedy,Chase,Living Room,,,
Run Lola Run,Thriller,Chase,Living Room,,,
Dresden files,Fantasy/Drama,Chase,Living Room,,,
Kill Bill Vol. 2,Action,Chase,Living Room,,,
Sonny Chiba Collection (volumes 1 & 2),Martial Arts/Action,Chase,Living Room,,,
Crying Freeman,Action/Thriller,Chase,Living Room,,,
Goemon,Action/Adventure,Chase,Living Room,,,
Kamui The Lone Ninja,Adventure,Chase,Living Room,,,
Street Fighter,Action,Chase,Living Room,,,
Ong Bak,Action,Chase,Living room,,,
Poirot The ABC Murders,Mystery,Chase,Living Room,,,
Poirot Lord Edgware Dies,Mystery,Chase,Living Room,,,
Poirot The murder of Roger Ackroyd,Mystery,Chase,Living Room,,,
Joe 90 Collector's edition,Supermariation,Chase,Living Room,,,
Kill Bill,Action,Chase,Living Room,,,
Dororo,Action/Adventure,Chase,Living Room,,,
Tony Jaa - Ong Bak 3,Martial Arts,Chase,Living Room,,,
Yurusarezaru Mono (Unforgiven),Western,Chase,Living Room,,,
Detective Dee and the Mystery of the Phantom Flame,Mystery/Action,Chase,Living Room,,,
Daybreakers,Sci-Fi/Horror,Chase,Living Room,,,
American Gods (Complete Season One),Fantasy,Chase,Living Room,,,
Equilibrium,Sci-Fi/Action,Chase,Living Room,,,
Babycart at the River Styx,Action/Martial Arts,Chase,Living Room,,,
Babycart in Peril,Action/Martial Arts,Chase,Living Room,,,
Babycart in the Land of Demons,Action/Martial Arts,Chase,Living Room,,,
Sword of Vengeance,Action/Martial Arts,Chase,Living Room,,,
Babycart to Hades,Action/Martial Arts,Chase,Living Room,,,
"White Heaven in Hell (Likely ""White Heaven"")",(Genre unclear - possibly Crime/Drama based on searches),Chase,Living Room,,,
The Doll Master,Horror,Chase,Living Room,,,
Darkman,Superhero,Chase,Living Room,,,
Attack the Block,Horror/Comedy,Chase,Living Room,,,
Danger Man - Episodes 21-28,Television/Spy Drama,Chase,Living Room,,,
Danger Man - Episodes 5-12,Television/Spy Drama,Chase,Living Room,,,
The Champions - Episodes 11-14,Television/Supernatural/Action,Chase,Living Room,,,
The Champions - Episodes 3-6,Television/Supernatural/Action,Chase,Living Room,,,
Danger Man - Episodes 13-20,Television/Spy Drama,Chase,Living RoomThe Queen's Ransom/Interlude in Venice/The Russian Prisoner (Likely titles within a collection),Children's/Family,Chase,Living Room
The Saint (The Reluctant Revolution/The Helpful Pirate/The Converent Monster),Television/Mystery/Action,Chase,Living Room,,,
The Saint (The Queen's Ransom/Interlude in Venice/The Russian Prisoner),Television/Mystery/Action,Chase,Living Room,,,
Sleeper,Comedy/Sci-Fi,Chase,Living Room,,,
Mighty Aphrodite,Comedy,Chase,Living Room,,,
Manhattan,Comedy/Drama,Chase,Living Room,,,
Shadows and Fog,Comedy/Drama,Chase,Living Room,,,
Pedro Almodovar's Bad Education,Comedy/Drama,Chase,Living Room,,,
Pedro Almodovar'sAll About My Mother,Drama,Chase,Living Room,,,
The Yacoubian Building,Drama,Chase,Living Room,,,
Life is Beautiful,Comedy/Drama/War,Chase,Living Room,,,
The Saint - Episodes 3-6,Television/Mystery/Action,Chase,Living Room,,,
The Saint - Episodes 1-2,Television/Mystery/Action,Chase,Living Room,,,
The Saint - Episodes 7-10,Television/Mystery/Action,Chase,Living Room,,,
The Saint - Episodes 11-14,Television/Mystery/Action,Chase,Living Room,,,
The Champions - Episodes 1-2,Television/Supernatural/Action,Chase,Living Room,,,
The Champions - Episodes 7-10,Television/Supernatural/Action,Chase,Living Room,,,
The Maltese Falcon (Discs Two and Three),Film Noir/Mystery,Chase,Living Room,,,
Sawako Decides,Comedy/Drama,Chase,Living Room,,,
Fine totally fine,Comedy/Drama,Chase,Living Room,,,
Memories of Matsuko,Drama,Chase,Living Room,,,
Instant Swamp,Comedy/Drama,Chase,Living Room,,,
The Wayward Cloud,Drama/Romance,Chase,Living Room,,,
Quirky Guys and Gals,Comedy/Drama,Chase,Living Room,,,
Turtles Are Surprisingly Fast Swimmers,Comedy/Drama,Chase,Living Room,,,
Mike Takashi's The Happiness of the Katakuris,Comedy/Musical/Horror,Chase,Living Room,,,
Tokyo Drifter,Action/Crime,Chase,Living Room,,,
Tartan Asia Extreme (Likely a collection),Various (likely Action/Thriller/Horror),Chase,Living Room,,,
Branded to Kill,Action/Crime,Chase,Living Room,,,
Tokyo Zombie,Horror/Comedy,Chase,Living Room,,,
Spaced: The Complete Second Series,Sitcom,Chase,Living Room,,,
Spaced,Sitcom,Chase,Living Room,,,
Shaun of the Dead,Comedy/Horror,Chase,Living Room,,,
Hot Fuzz,Action/Comedy,Chase,Living Room,,,
Fellini Satyricon,Drama,Chase,Living Room,,,
Heat Guy - Episodes 1-8,Anime/Action,Chase,Living Room,,,
Heat Guy - Episodes 9-17,Anime/Action,Chase,Living Room,,,
Heat Guy - Episodes 18-26,Anime/Action,Chase,Living Room,,,
Stingray - Volume 1,Television/Sci-Fi/Puppet,Chase,Living Room,,,
Stingray - Volume 2,Television/Sci-Fi/Puppet,Chase,Living Room,,,
Stingray - Volume 3,Television/Sci-Fi/Puppet,Chase,Living Room,,,
Stingray - Volume 3,Television/Sci-Fi/Puppet,Chase,Living Room,,,
Stingray - Volume 3,Television/Sci-Fi/Puppet,Chase,Living Room,,,
Sherlock Holmes and the Spider Woman,Mystery,Chase,Living room,,,
Sherlock Holmes and the Pearl of Death,Mystery,Chase,Living room,,,
Sherlock Holmes in Washington,Mystery,Chase,Living room,,,
Sherlock Holmes Faces Death,Mystery,Chase,Living room,,,
Miss Marple: The Body in the Library,Mystery,Chase,Living room,,,
Columbo: Etude in Black,Mystery,Chase,Living room,,,
Columbo: Suitable for Framing,Mystery,Chase,Living room,,,
Columbo: Candidate for Crime,Mystery,Chase,Living room,,,
Columbo: Pilot Episode: Prescription for Murder,Mystery,Chase,Living room,,,
Columbo: Fade In to Murder,Mystery,Chase,Living room,,,
Columbo: Double Shock,Mystery,Chase,Living room,,,
The Kennel Murder Case,Mystery,Chase,Living room,,,
The Big Heat,Film Noir,Chase,Living room,,,
Fellini,Biography/Documentary,Chase,Living room,,,
Sherlock Holmes: The Secret Weapon/Terror by Night/Dressed to Kill,Mystery,Chase,Living Room,,,
Sherlock Holmes: The Woman in Green,Mystery,Chase,Living Room,,,
Sherlock Holmes: The Speckled Band/A Study in Scarlet,Mystery,Chase,Living Room,,,
Sherlock Holmes:  Silver Blaze/The Sign of Four/The Triumph of Sherlock Holmes,Mystery,Chase,Living Room,,,
Miss Marple: A Pocketful of Rye,Mystery,Chase,Living Room,,,
The Saint Strikes Back,Mystery/Action,Chase,Living Room,,,
The Saint Meets the Tiger,Mystery/Action,Chase,Living Room,,,
The Saint in New York,Mystery/Action,Chase,Living Room,,,
The Saint in Palm Springs,Mystery/Action,Chase,Living Room,,,
The Saint's Vacation,Mystery/Action,Chase,Living Room,,,
The Saint Takes Over,Mystery/Action,Chase,Living Room,,,
The Saint's Double Trouble,Mystery/Action,Chase,Living Room,,,
The Falcon Takes Over,Mystery/Thriller,Chase,Living Room,,,
The Falcon's Brother,Mystery/Thriller,Chase,Living Room,,,
The Falcon in San Francisco,Mystery/Thriller,Chase,Living Room,,,
Sherlock Holmes: Dressed to Kill,Mystery,Chase,Living Room,,,
The Wind Rises,Anime,Chase,Living Room,,,
Tekkonkinkreet,Anime,Chase,Living Room,,,
Nausicaä of the Valley of the Wind,Anime,Chase,Living Room,,,
The Cat Returns,Anime,Chase,Living Room,,,
Porco Rosso,Anime,Chase,Living Room,,,
Kiki's Delivery Service,Anime,Chase,Living Room,,,
Whisper of the Heart,Anime,Chase,Living Room,,,
Spirited Away,Anime,Chase,Living Room,,,
Ponyo,Anime,Chase,Living Room,,,
The Girl Who Leapt Through Time,Anime,Chase,Living Room,,,
Appleseed,Anime,Chase,Living Room,,,
Perfect Blue,Anime,Chase,Living Room,,,
RParis 2054 Renaissance,Anime,Chase,Living Room,,,
Bleach memories of nobody the movie,Anime,Chase,Living Room,,,
Cowboy Bebop,Anime,Chase,Living Room,,,
Shaft the trilogy,Crime,,Chase,Living Room,,
Darker than Black 1&2,Anime,Chase,Living Room,,,
Darker than Black 3&4,Anime,Chase,Living Room,,,
Darker than Black 5&6,Anime,Chase,Living Room,,,
Kiss Me Deadly,Film Noir,Chase,Living Room,,,
Shoot em up,Action/Sci-Fi,Chase,Living Room,,,
Fargo,Crime/Thriller,Chase,Living Room,,,
The Usual Suspects,Crime/Thriller,Chase,Living Room,,,
Golgo 13,Action/Adventure,Chase,Living Room,,,
Golgo 13: The Professional,Action/Adventure,Chase,Living Room,,,
Laputa: Castle in the Sky,Anime/Adventure,Chase,Living Room,,,
Howl's Moving Castle,Anime/Fantasy,Chase,Living Room,,,
Princess Mononoke,Anime/Fantasy,Chase,Living Room,,,
My Neighbour Totoro,Anime/Family,Chase,Living Room,,,
The Castle of Cagliostro,Anime/Adventure,Chase,Living Room,,,
Lupin the 3rd: The Castle of Cagliostro,Anime/Adventure,Chase,Living Room,,,
Steamboy,Anime/Steampunk,Chase,Living Room,,,
Paprika,Anime/Psychological Thriller,Chase,Living Room,,,
Cowboy Bebop: The Movie,Anime/Action,Chase,Living Room,,,
Ghost in the Shell 2: Innocence,Anime/Sci-Fi,Chase,Living Room,,,
Ghost in the Shell,Anime/Sci-Fi,Chase,Living Room,,,
Last Man Standing,Action/Thriller,Chase,Living Room,,,
The Fugitive,Action/Thriller,Chase,Living Room,,,
The Thomas Crown Affair (1999),Crime/Thriller,Chase,Living Room,,,
The Thomas Crown Affair (1968),Crime/Thriller,Chase,Living Room,,,
Rear Window,Suspense/Thriller,Chase,Living Room,,,
Jackie Brown,Crime/Thriller,Chase,Living Room,,,
Replacement Killers,Action/Thriller,Chase,Living Room,,,
Cornered,Thriller,Chase,Living Room,,,
Machete,Action/Exploitation,Chase,Living Room,,,
Parker,Action/Thriller,Chase,Living Room,,,
Payback,Action/Thriller,Chase,Living Room,,,
Point Blank,Crime/Thriller,Chase,Living Room,,,
L.A. Confidential,Crime/Mystery,Chase,Living Room,,,
El Mariachi/Desperado (2 Films on 1 Disc),Action/Western,Chase,Living Room,,,
Out of Sight,Crime/Romance,Chase,Living Room,,,
Pulp Fiction,Crime/Drama,Chase,Living Room,,,
Collateral,Action/Thriller,Chase,Living Room,,,
Bound,Thriller,Chase,Living Room,,,
The Godfather,Crime/Drama,Chase,Living Room,,,
The Godfather Part II,Crime/Drama,Chase,Living Room,,,
The Godfather Part III,Crime/Drama,Chase,Living Room,,,
The Twilight Zone,Television/Science Fiction,Chase,Living Room,,,
Blade Runner 2049,Science Fiction,Chase,Living Room,,,
The Rivals of Sherlock Holmes,Television/Mystery,Chase,Living Room,,,
The Scarlet Pimpernel,Adventure,Chase,Living Room,,,
The Adventures of the Scarlet Pimpernel: The Complete Series,Adventure,Chase,Living Room,,,
District 9,Science Fiction,Chase,Living Room,,,
Doctor Who: The Invasion,Television/Science Fiction,Chase,Living Room,,,
Doctor Who: The Five Doctors,Television/Science Fiction,Chase,Living Room,,,
The Maltese Falcon,Film Noir/Mystery,Chase,Living Room,,,
Johnny Sokko and His Flying Robot,Television/Science Fiction,Chase,Living Room,,,
Mirrormask,Fantasy,Chase,Living Room,,,
Stardust,Fantasy,Chase,Living Room,,,
Star Trek,Science Fiction,Chase,Living Room,,,
The Bed Sitting Room,Comedy,Chase,Living Room,,,
Lady Vengeance,Thriller,Chase,Living Room,,,
The Girl on the Bridge,Drama,Chase,Living Room,,,
Immortal,Fantasy,Chase,Living Room,,,
The Secret Service,Television/Spy Drama,Chase,Living Room,,,
Agatha Christie's Partners in Crime,Television/Mystery,Chase,Living Room,,,
Unbreakable,Superhero/Thriller,Chase,Living Room,,,
Once Upon a Time in China,Martial Arts/Action,Chase,Living Room,,,
Number 17(Hitchcock),Mystery/Comedy,Chase,Living Room,,,
Secret Agent,Television/Spy Drama,Chase,Living Room,,,
The Man Who Knew Too Much (Hitchcock),Suspense/Thriller,Chase,Living Room,,,
Mureder (Hitchcock),Suspense/Thriller,Chase,Living Room,,,
Sabotage (Hitchcock),Suspense/Thriller,Chase,Living Room,,,
A Scanner Darkly,Science Fiction/Thriller,Chase,Living Room,,,
Psycho,Suspense/Thriller,Chase,Living Room,,,
Shadow of a doubt,Suspense/Thriller,Chase,Living Room,,,
Chrysalis,Thriller,Chase,Living Room,,,
The knowledge,Action,Chase,Living Room,,,
Father Brown,Television/Mystery,Chase,Living Room,,,
To Catch a Thief,Romantic Thriller,Chase,Living Room,,,
Campion: The Complete Collection,Television/Mystery,Chase,Living Room,,,